ID  1,date,time,item,quantity_bought,rev
711,"Monday, February 6, 2023",15:26,Fit Sante Apricot Cookies 300g,2,8
710,"Monday, February 6, 2023",15:15,Still Water 500ml,1,2.5
709,"Monday, February 6, 2023",15:15,Lajkonik Crackers,1,4.5
708,"Monday, February 6, 2023",14:53,Nestle Whole Grain with Chocolate 23g,1,4
707,"Monday, February 6, 2023",14:34,Bunny Curly Corn Spirals 25 g,1,4
706,"Monday, February 6, 2023",14:31,Biscoff Biscuits,2,2
705,"Monday, February 6, 2023",14:31,Oshee Vitamin Minerals Pink 0.25L,1,5
704,"Monday, February 6, 2023",14:29,Biscoff Biscuits,1,1
703,"Monday, February 6, 2023",14:28,FL Salted Nuts 100g,1,4
702,"Monday, February 6, 2023",14:28,Lajkonik Crackers,1,4.5
701,"Monday, February 6, 2023",14:27,Bunny Curly Corn Spirals 25 g,1,4
700,"Monday, February 6, 2023",14:27,Aksam Beskidzie Crackers Cheese/Onion,1,4.5
699,"Monday, February 6, 2023",14:26,Oshee Vitamin Minerals Pink 0.25L,1,5
698,"Monday, February 6, 2023",14:26,Still Water 500ml,1,2.5
697,"Monday, February 6, 2023",14:12,Nestle Whole Grain with Chocolate 23g,2,8
696,"Monday, February 6, 2023",14:02,Nestle Whole Grain with Chocolate 23g,1,4
695,"Monday, February 6, 2023",13:15,Biscoff Biscuits,5,5
694,"Monday, February 6, 2023",13:09,Aksam Beskidzie Crackers Cheese/Onion,1,4.5
693,"Monday, February 6, 2023",13:09,Lajkonik Crackers,1,4.5
692,"Monday, February 6, 2023",13:07,Biscoff Biscuits,7,7
691,"Monday, February 6, 2023",13:07,Aksam Beskidzie Crackers Cheese/Onion,1,4.5
690,"Monday, February 6, 2023",13:05,Bunny Curly Corn Spirals 25 g,1,4
689,"Monday, February 6, 2023",13:04,Lajkonik Crackers,1,4.5
688,"Monday, February 6, 2023",13:04,Lajkonik Crackers,1,4.5
687,"Monday, February 6, 2023",13:02,Oshee Vitamin Mineral Dragonfruit 555ml,1,6
686,"Monday, February 6, 2023",12:53,Nestle Whole Grain with Chocolate 23g,1,4
685,"Monday, February 6, 2023",12:49,Tymbark Multivitamin Juice 300 ml,1,4
684,"Monday, February 6, 2023",12:49,Lajkonik Crackers,1,4.5
683,"Monday, February 6, 2023",12:36,Bunny Curly Corn Spirals 25 g,1,4
682,"Monday, February 6, 2023",12:31,Nestle Fit Granola Bar Cranberry-Chocolate Mix 23.5g,1,4
681,"Monday, February 6, 2023",12:26,Belvita Cookie,1,2.5
680,"Monday, February 6, 2023",12:21,Nestle Whole Grain with Chocolate 23g,1,4
679,"Monday, February 6, 2023",12:20,FL Salted Nuts 100g,1,4
678,"Monday, February 6, 2023",12:11,Aksam Beskidzie Crackers Cheese/Onion,1,4.5
677,"Monday, February 6, 2023",12:11,Tymbark Apple Juice 300 ml,1,4
676,"Monday, February 6, 2023",12:09,Hortex Multivitamin Juice 300ml,1,4
675,"Monday, February 6, 2023",12:01,Nestle Musli Bar Banana-Chocolate Mix 35g,1,4
674,"Monday, February 6, 2023",11:59,Biscoff Biscuits,3,3
673,"Monday, February 6, 2023",11:59,Lajkonik Crackers,2,9
672,"Monday, February 6, 2023",11:59,Bunny Curly Corn Spirals 25 g,2,8
671,"Monday, February 6, 2023",11:58,Oshee Vitamin Minerals Pink 0.25L,2,10
670,"Monday, February 6, 2023",11:58,Oshee Vitamin Mineral Dragonfruit 555ml,2,12
669,"Monday, February 6, 2023",11:58,Oshee Vitamin Energy Zero Magnesium 250ml,3,13.5
668,"Monday, February 6, 2023",11:57,POP N CHRUP Snack Sea Salt Blue 35g,1,5
667,"Monday, February 6, 2023",11:57,POP N CHRUP Snack Sea Salt Blue 35g,4,20
666,"Monday, February 6, 2023",11:18,Oshee Vitamin Mineral Dragonfruit 555ml,1,6
665,"Monday, February 6, 2023",11:14,Nestle Fit Granola Bar Cranberry-Chocolate Mix 23.5g,1,4
664,"Monday, February 6, 2023",11:13,POP N CHRUP Snack Sea Salt Blue 35g,1,5
663,"Monday, February 6, 2023",11:13,Oshee Vitamin Mineral Dragonfruit 555ml,1,6
662,"Monday, February 6, 2023",11:11,Biscoff Biscuits,1,1
661,"Monday, February 6, 2023",11:11,Nestle Whole Grain with Chocolate 23g,1,4
660,"Monday, February 6, 2023",11:10,Felix Peanuts 240g,1,12
659,"Monday, February 6, 2023",11:03,Lajkonik Crackers,1,4.5
658,"Monday, February 6, 2023",11:02,Aksam Beskidzie Crackers Cheese/Onion,1,4.5
657,"Monday, February 6, 2023",11:02,Oshee Vitamin Mineral Dragonfruit 555ml,2,12
656,"Monday, February 6, 2023",11:02,Biscoff Biscuits,10,10
655,"Monday, February 6, 2023",11:01,Biscoff Biscuits,4,4
654,"Monday, February 6, 2023",11:01,Oshee Vitamin Mineral Dragonfruit 555ml,1,6
653,"Monday, February 6, 2023",11:00,Biscoff Biscuits,3,3
652,"Monday, February 6, 2023",11:00,Oshee Vitamin Minerals Pink 0.25L,1,5
651,"Monday, February 6, 2023",10:59,FL Salted Nuts 100g,2,8
650,"Monday, February 6, 2023",10:59,Nestle Fit Granola Bar Cranberry-Chocolate Mix 23.5g,1,4
649,"Monday, February 6, 2023",10:58,Nestle Whole Grain with Chocolate 23g,1,4
648,"Monday, February 6, 2023",10:58,Oshee Vitamin Mineral Dragonfruit 555ml,1,6
647,"Monday, February 6, 2023",10:58,Nestle Musli Bar Banana-Chocolate Mix 35g,1,4
646,"Monday, February 6, 2023",10:58,Hortex Multivitamin Juice 300ml,1,4
645,"Monday, February 6, 2023",10:33,Still Water 500ml,1,2.5
644,"Monday, February 6, 2023",10:20,Biscoff Biscuits,1,1
643,"Monday, February 6, 2023",10:20,Lajkonik Crackers,1,4.5
642,"Monday, February 6, 2023",10:16,Biscoff Biscuits,4,4
641,"Monday, February 6, 2023",09:59,FL Salted Nuts 100g,2,8
640,"Monday, February 6, 2023",09:59,Oshee Vitamin Mineral Dragonfruit 555ml,1,6
639,"Monday, February 6, 2023",09:57,POP N CHRUP Snack Sea Salt Blue 35g,1,5
638,"Monday, February 6, 2023",09:57,FL Salted Nuts 100g,1,4
637,"Monday, February 6, 2023",09:57,Oshee Vitamin Mineral Dragonfruit 555ml,1,6
636,"Monday, February 6, 2023",09:51,Lajkonik Crackers,1,4.5
635,"Monday, February 6, 2023",09:49,POP N CHRUP Snack Sea Salt Blue 35g,1,5
634,"Monday, February 6, 2023",09:42,BA! Granola Bar 40g,1,4.5
633,"Monday, February 6, 2023",09:40,Oshee Vitamin Mineral Dragonfruit 555ml,1,6
632,"Monday, February 6, 2023",09:40,Aksam Beskidzie Crackers Cheese/Onion,1,4.5
631,"Monday, February 6, 2023",09:40,Tymbark Apple Juice 300 ml,1,4
630,"Monday, February 6, 2023",08:56,Tymbark Orange Juice 300 ml,1,4
629,"Monday, February 6, 2023",08:56,Tymbark Orange Juice 300 ml,1,4
628,"Monday, February 6, 2023",08:56,Tymbark Orange Juice 300 ml,1,4
627,"Monday, February 6, 2023",08:50,Biscoff Biscuits,1,1
626,"Friday, February 3, 2023",15:34,Biscoff Biscuits,2,2
625,"Friday, February 3, 2023",15:26,POP N CHRUP Snack Sea Salt Blue 35g,1,5
624,"Friday, February 3, 2023",15:26,Nestle Musli Bar Banana-Chocolate Mix 35g,1,4
623,"Friday, February 3, 2023",15:24,Nestle Musli Bar Banana-Chocolate Mix 35g,1,4
622,"Friday, February 3, 2023",15:07,Biscoff Biscuits,1,1
621,"Friday, February 3, 2023",15:02,Nestle Musli Bar Banana-Chocolate Mix 35g,1,4
620,"Friday, February 3, 2023",15:02,Oshee Vitamin Mineral Dragonfruit 555ml,1,6
619,"Friday, February 3, 2023",14:58,Oshee Vitamin Mineral Dragonfruit 555ml,1,6
618,"Friday, February 3, 2023",14:56,Lajkonik Crackers,1,4.5
617,"Friday, February 3, 2023",14:56,Oshee Vitamin Mineral Dragonfruit 555ml,1,6
616,"Friday, February 3, 2023",14:54,Oshee Vitamin Mineral Dragonfruit 555ml,2,12
615,"Friday, February 3, 2023",14:45,Nestle Whole Grain with Chocolate 23g,1,4
614,"Friday, February 3, 2023",14:45,Still Water 500ml,1,2.5
613,"Friday, February 3, 2023",14:42,Lajkonik Junior Safari Crackers,1,5
612,"Friday, February 3, 2023",14:42,Oshee Vitamin Minerals Pink 0.25L,1,5
611,"Friday, February 3, 2023",14:32,Oshee Vitamin Mineral Dragonfruit 555ml,1,6
610,"Friday, February 3, 2023",14:30,Oshee Vitamin Energy Zero Magnesium 250ml,0,0
609,"Friday, February 3, 2023",14:26,Nestle Musli Bar Banana-Chocolate Mix 35g,1,4
608,"Friday, February 3, 2023",14:26,Aksam Beskidzie Crackers Cheese/Onion,1,4.5
607,"Friday, February 3, 2023",14:26,Nestle Whole Grain with Chocolate 23g,1,4
606,"Friday, February 3, 2023",14:26,Oshee Vitamin Mineral Dragonfruit 555ml,1,6
605,"Friday, February 3, 2023",14:25,Oshee Vitamin Energy Zero Magnesium 250ml,1,4.5
604,"Friday, February 3, 2023",14:22,Nestle Musli Bar Banana-Chocolate Mix 35g,1,4
603,"Friday, February 3, 2023",14:21,POP N CHRUP Snack Sea Salt Blue 35g,1,5
602,"Friday, February 3, 2023",14:21,Oshee Vitamin Energy Zero Magnesium 250ml,3,13.5
601,"Friday, February 3, 2023",14:19,POP N CHRUP Snack Sea Salt Blue 35g,1,5
600,"Friday, February 3, 2023",14:19,POP N Chrup Snack Green Onion Green 35g,1,5
599,"Friday, February 3, 2023",14:18,Belvita Cookie,2,5
598,"Friday, February 3, 2023",14:16,POP N CHRUP Snack Sea Salt Blue 35g,1,5
597,"Friday, February 3, 2023",14:16,Oshee Vitamin Energy Zero Magnesium 250ml,1,4.5
596,"Friday, February 3, 2023",14:16,Oshee Vitamin Minerals Pink 0.25L,1,5
595,"Friday, February 3, 2023",14:15,Felix Peanuts 240g,1,12
594,"Friday, February 3, 2023",14:15,Still Water 500ml,1,2.5
593,"Friday, February 3, 2023",14:15,Biscoff Biscuits,2,2
592,"Friday, February 3, 2023",14:15,Still Water 500ml,3,7.5
591,"Friday, February 3, 2023",14:07,Oshee Vitamin Minerals Pink 0.25L,1,5
590,"Friday, February 3, 2023",14:07,Lajkonik Crackers,1,4.5
589,"Friday, February 3, 2023",13:58,POP N CHRUP Snack Sea Salt Blue 35g,1,5
588,"Friday, February 3, 2023",13:58,Tymbark Apple Juice 300 ml,2,8
587,"Friday, February 3, 2023",13:57,Lajkonik Crackers,1,4.5
586,"Friday, February 3, 2023",13:56,Oshee Vitamin Mineral Dragonfruit 555ml,4,24
585,"Friday, February 3, 2023",13:55,Belvita Cookie,1,2.5
584,"Friday, February 3, 2023",13:55,Nestle Whole Grain with Chocolate 23g,1,4
583,"Friday, February 3, 2023",13:40,Oshee Vitamin Mineral Dragonfruit 555ml,1,6
582,"Friday, February 3, 2023",13:13,Lajkonik Crackers,1,4.5
581,"Friday, February 3, 2023",13:10,Bunny Curly Corn Spirals 25 g,1,4
580,"Friday, February 3, 2023",13:06,Felix Peanuts 240g,1,12
579,"Friday, February 3, 2023",13:06,Nestle Whole Grain with Chocolate 23g,1,4
578,"Friday, February 3, 2023",13:04,Oshee Vitamin Mineral Dragonfruit 555ml,1,6
577,"Friday, February 3, 2023",13:03,Oshee Vitamin Minerals Pink 0.25L,1,5
576,"Friday, February 3, 2023",13:03,Oshee Vitamin Minerals Pink 0.25L,1,5
575,"Friday, February 3, 2023",13:03,Lajkonik Junior Safari Crackers,1,5
574,"Friday, February 3, 2023",12:59,POP N CHRUP Snack Sea Salt Blue 35g,1,5
573,"Friday, February 3, 2023",12:58,Oshee Vitamin Mineral Dragonfruit 555ml,0,0
572,"Friday, February 3, 2023",12:58,Oshee Vitamin Minerals Pink 0.25L,2,10
571,"Friday, February 3, 2023",12:58,Oshee Vitamin Minerals Pink 0.25L,2,10
570,"Friday, February 3, 2023",12:58,Oshee Vitamin Minerals Pink 0.25L,2,10
569,"Friday, February 3, 2023",12:45,Oshee Vitamin Mineral Dragonfruit 555ml,3,18
568,"Friday, February 3, 2023",12:44,Oshee Vitamin Mineral Dragonfruit 555ml,1,6
567,"Friday, February 3, 2023",12:43,Lajkonik Junior Safari Crackers,1,5
566,"Friday, February 3, 2023",12:42,Oshee Vitamin Mineral Dragonfruit 555ml,1,6
565,"Friday, February 3, 2023",12:41,Oshee Vitamin Minerals Pink 0.25L,1,5
564,"Friday, February 3, 2023",12:39,Still Water 500ml,1,2.5
563,"Friday, February 3, 2023",12:37,Biscoff Biscuits,2,2
562,"Friday, February 3, 2023",12:37,Oshee Vitamin Mineral Dragonfruit 555ml,1,6
561,"Friday, February 3, 2023",12:36,Biscoff Biscuits,2,2
560,"Friday, February 3, 2023",12:36,Oshee Vitamin Mineral Dragonfruit 555ml,2,12
559,"Friday, February 3, 2023",12:35,Oshee Vitamin Minerals Pink 0.25L,1,5
558,"Friday, February 3, 2023",12:34,Biscoff Biscuits,1,1
557,"Friday, February 3, 2023",12:33,Oshee Vitamin Mineral Dragonfruit 555ml,1,6
556,"Friday, February 3, 2023",12:32,Biscoff Biscuits,2,2
555,"Friday, February 3, 2023",12:28,Oshee Vitamin Mineral Dragonfruit 555ml,1,6
554,"Friday, February 3, 2023",12:26,Nestle Whole Grain with Chocolate 23g,1,4
553,"Friday, February 3, 2023",12:25,Oshee Vitamin Energy Zero Magnesium 250ml,1,4.5
552,"Friday, February 3, 2023",12:16,Biscoff Biscuits,6,6
551,"Friday, February 3, 2023",12:14,Nestle Musli Bar Banana-Chocolate Mix 35g,1,4
550,"Friday, February 3, 2023",12:14,Biscoff Biscuits,1,1
549,"Friday, February 3, 2023",12:14,Belvita Cookie,1,2.5
548,"Friday, February 3, 2023",12:14,Bunny Curly Corn Spirals 25 g,1,4
547,"Friday, February 3, 2023",12:03,Oshee Vitamin Mineral Dragonfruit 555ml,1,6
546,"Friday, February 3, 2023",12:03,Bunny Curly Corn Spirals 25 g,1,4
545,"Friday, February 3, 2023",12:00,Aksam Beskidzie Crackers Cheese/Onion,1,4.5
544,"Friday, February 3, 2023",12:00,GO ON Protein Crisp/Caramel 50g,1,6
543,"Friday, February 3, 2023",11:57,Oshee Vitamin Mineral Dragonfruit 555ml,1,6
542,"Friday, February 3, 2023",11:52,Felix Peanuts 240g,1,12
541,"Friday, February 3, 2023",11:52,Lajkonik Crackers,1,4.5
540,"Friday, February 3, 2023",11:51,Oshee Vitamin Energy Zero Magnesium 250ml,1,4.5
539,"Friday, February 3, 2023",11:51,Lajkonik Junior Safari Crackers,1,5
538,"Friday, February 3, 2023",11:50,POP N Chrup Snack Green Onion Green 35g,4,20
537,"Friday, February 3, 2023",11:50,POP N Chrup Snack Green Onion Green 35g,4,20
536,"Friday, February 3, 2023",11:37,Oshee Vitamin Mineral Dragonfruit 555ml,1,6
535,"Friday, February 3, 2023",11:36,Lajkonik Crackers,1,4.5
534,"Friday, February 3, 2023",11:35,Oshee Vitamin Mineral Dragonfruit 555ml,2,12
533,"Friday, February 3, 2023",11:25,Lajkonik Crackers,1,4.5
532,"Friday, February 3, 2023",11:25,Oshee Vitamin Mineral Dragonfruit 555ml,1,6
531,"Friday, February 3, 2023",11:24,Felix Peanuts 240g,1,12
530,"Friday, February 3, 2023",11:24,Lajkonik Junior Safari Crackers,1,5
529,"Friday, February 3, 2023",11:21,Nestle Whole Grain with Chocolate 23g,1,4
528,"Friday, February 3, 2023",11:21,Oshee Vitamin Mineral Dragonfruit 555ml,1,6
527,"Friday, February 3, 2023",11:17,Lajkonik Crackers,2,9
526,"Friday, February 3, 2023",11:15,Lajkonik Junior Safari Crackers,2,10
525,"Friday, February 3, 2023",11:15,Belvita Cookie,1,2.5
524,"Friday, February 3, 2023",11:14,Lajkonik Junior Safari Crackers,1,5
523,"Friday, February 3, 2023",11:11,Lajkonik Crackers,1,4.5
522,"Friday, February 3, 2023",11:02,POP N Chrup Snack Green Onion Green 35g,3,15
521,"Friday, February 3, 2023",11:02,Oshee Vitamin Energy Zero Magnesium 250ml,3,13.5
520,"Friday, February 3, 2023",10:58,POP N Chrup Snack Green Onion Green 35g,1,5
519,"Friday, February 3, 2023",10:40,Lajkonik Junior Safari Crackers,1,5
518,"Friday, February 3, 2023",10:36,Nestle Whole Grain with Chocolate 23g,1,4
517,"Friday, February 3, 2023",10:32,Fit Sante Apricot Cookies 300g,2,8
516,"Friday, February 3, 2023",10:32,POP N Chrup Snack Green Onion Green 35g,1,5
515,"Friday, February 3, 2023",10:32,POP N Chrup Snack Green Onion Green 35g,1,5
514,"Friday, February 3, 2023",10:05,Biscoff Biscuits,1,1
513,"Friday, February 3, 2023",10:04,Still Water 500ml,1,2.5
512,"Friday, February 3, 2023",09:55,POP N CHRUP Snack Sea Salt Blue 35g,1,5
511,"Friday, February 3, 2023",09:55,POP N Chrup Snack Green Onion Green 35g,3,15
510,"Friday, February 3, 2023",09:55,Oshee Vitamin Minerals Pink 0.25L,2,10
509,"Friday, February 3, 2023",09:55,Fit Sante Apricot Cookies 300g,3,12
508,"Friday, February 3, 2023",09:55,Lajkonik Crackers,2,9
507,"Friday, February 3, 2023",09:54,Oshee Vitamin Mineral Dragonfruit 555ml,2,12
506,"Friday, February 3, 2023",09:54,GO ON Protein Crisp/Caramel 50g,3,18
505,"Friday, February 3, 2023",09:48,Fit Sante Apricot Cookies 300g,2,8
504,"Friday, February 3, 2023",09:29,Oshee Vitamin Mineral Dragonfruit 555ml,1,6
503,"Friday, February 3, 2023",09:29,POP N Chrup Snack Green Onion Green 35g,1,5
502,"Friday, February 3, 2023",09:29,Ginger shot 50g,1,12
501,"Friday, February 3, 2023",09:25,GO ON Protein Crisp/Caramel 50g,3,18
500,"Friday, February 3, 2023",09:21,Biscoff Biscuits,1,1
499,"Friday, February 3, 2023",09:20,Go On Brownie Protein Cookie 50g,1,7
498,"Friday, February 3, 2023",09:09,Still Water 500ml,1,2.5
497,"Friday, February 3, 2023",09:09,Oshee Vitamin Mineral Dragonfruit 555ml,1,6
496,"Thursday, February 2, 2023",13:27,Oshee Protein Bar Chocolate 45g,1,6
495,"Thursday, February 2, 2023",13:27,POP N CHRUP Snack Sea Salt Blue 35g,1,5
494,"Thursday, February 2, 2023",13:27,GO ON Protein Crisp/Caramel 50g,1,6
493,"Thursday, February 2, 2023",13:26,Lajkonik Junior Safari Crackers,1,5
492,"Thursday, February 2, 2023",13:26,Oshee Vitamin Mineral Dragonfruit 555ml,2,12
491,"Wednesday, February 1, 2023",15:31,Go On Brownie Protein Cookie 50g,1,7
490,"Wednesday, February 1, 2023",15:01,Aksam Beskidzie Salted Pretzels,0,0
489,"Wednesday, February 1, 2023",15:01,Oshee Vitamin Mineral Dragonfruit 555ml,1,6
488,"Wednesday, February 1, 2023",15:00,Lajkonik Junior Safari Crackers,1,5
487,"Wednesday, February 1, 2023",15:00,Lajkonik Crackers,1,4.5
486,"Wednesday, February 1, 2023",15:00,Oshee Musli Bar Cranberry Pink 40g,1,5
485,"Wednesday, February 1, 2023",15:00,Belvita Cookie,2,5
484,"Wednesday, February 1, 2023",14:59,Biscoff Biscuits,7,7
483,"Wednesday, February 1, 2023",14:59,POP N Chrup Snack Green Onion Green 35g,5,25
482,"Wednesday, February 1, 2023",14:59,POP N CHRUP Snack Sea Salt Blue 35g,5,25
481,"Wednesday, February 1, 2023",14:59,Go On Brownie Protein Cookie 50g,2,14
480,"Wednesday, February 1, 2023",14:50,Go On Brownie Protein Cookie 50g,2,14
479,"Wednesday, February 1, 2023",14:32,Lajkonik Crackers,1,4.5
478,"Wednesday, February 1, 2023",14:32,Tymbark Multivitamin Juice 300 ml,1,4
477,"Wednesday, February 1, 2023",14:32,Hortex Multivitamin Juice 300ml,1,4
476,"Wednesday, February 1, 2023",14:32,Belvita Cookie,1,2.5
475,"Wednesday, February 1, 2023",14:32,Felix Peanuts 240g,1,12
474,"Wednesday, February 1, 2023",14:31,POP N CHRUP Snack Sea Salt Blue 35g,2,10
473,"Wednesday, February 1, 2023",14:31,Talarki Krakowskie 155g,1,6
472,"Wednesday, February 1, 2023",14:31,Oshee Vitamin Energy Zero Magnesium 250ml,1,4.5
471,"Wednesday, February 1, 2023",14:31,Go On Brownie Protein Cookie 50g,1,7
470,"Wednesday, February 1, 2023",14:31,Oshee Musli Bar Cranberry Pink 40g,1,5
469,"Wednesday, February 1, 2023",14:30,POP N Chrup Snack Green Onion Green 35g,3,15
468,"Wednesday, February 1, 2023",14:30,Nestle Fit Granola Bar Cranberry-Chocolate Mix 23.5g,1,4
467,"Wednesday, February 1, 2023",14:30,Lajkonik Junior Safari Crackers,3,15
466,"Wednesday, February 1, 2023",14:29,Oshee Vitamin Energy Zero Magnesium 250ml,1,4.5
465,"Wednesday, February 1, 2023",14:16,GO ON Protein Crisp/Caramel 50g,1,6
464,"Wednesday, February 1, 2023",14:15,Biscoff Biscuits,4,4
463,"Wednesday, February 1, 2023",14:15,Lajkonik Junior Safari Crackers,1,5
462,"Wednesday, February 1, 2023",14:15,Nestle Musli Bar Banana-Chocolate Mix 35g,1,4
461,"Wednesday, February 1, 2023",14:14,Oshee Vitamin Energy Zero Magnesium 250ml,2,9
460,"Wednesday, February 1, 2023",14:14,Lajkonik Junior Safari Crackers,1,5
459,"Wednesday, February 1, 2023",14:14,POP N Chrup Snack Green Onion Green 35g,2,10
458,"Wednesday, February 1, 2023",14:14,Oshee Vitamin Mineral Dragonfruit 555ml,1,6
457,"Wednesday, February 1, 2023",14:13,Lajkonik Crackers,1,4.5
456,"Wednesday, February 1, 2023",14:13,Scheweppes 850ml Bitter Lemon,1,8
455,"Wednesday, February 1, 2023",14:13,Aksam Beskidzie Salted Pretzels,1,5
454,"Wednesday, February 1, 2023",14:11,Biscoff Biscuits,4,4
453,"Wednesday, February 1, 2023",14:08,Go On Brownie Protein Cookie 50g,1,7
452,"Wednesday, February 1, 2023",14:07,GO ON Protein Crisp/Caramel 50g,2,12
451,"Wednesday, February 1, 2023",14:06,Go On Brownie Protein Cookie 50g,5,35
450,"Wednesday, February 1, 2023",14:05,Aksam Beskidzie Salted Pretzels,1,5
449,"Wednesday, February 1, 2023",14:04,Belvita Cookie,1,2.5
448,"Wednesday, February 1, 2023",14:04,Felix Peanuts 240g,1,12
447,"Wednesday, February 1, 2023",14:04,Nestle Fit Granola Bar Cranberry-Chocolate Mix 23.5g,1,4
446,"Wednesday, February 1, 2023",14:04,POP N CHRUP Snack Sea Salt Blue 35g,1,5
445,"Wednesday, February 1, 2023",14:04,Biscoff Biscuits,2,2
444,"Wednesday, February 1, 2023",14:03,POP N CHRUP Snack Sea Salt Blue 35g,1,5
443,"Wednesday, February 1, 2023",14:03,GO ON Protein Crisp/Caramel 50g,1,6
442,"Wednesday, February 1, 2023",14:03,POP N CHRUP Snack Sea Salt Blue 35g,1,5
441,"Wednesday, February 1, 2023",14:03,POP N Chrup Snack Green Onion Green 35g,1,5
440,"Wednesday, February 1, 2023",14:03,POP N Chrup Snack Green Onion Green 35g,1,5
439,"Wednesday, February 1, 2023",14:02,FL Salted Nuts 100g,1,4
438,"Wednesday, February 1, 2023",14:02,Nestle Fit Granola Bar Cranberry-Chocolate Mix 23.5g,1,4
437,"Wednesday, February 1, 2023",14:01,Oshee Vitamin Mineral Dragonfruit 555ml,2,12
436,"Wednesday, February 1, 2023",14:01,POP N Chrup Snack Green Onion Green 35g,1,5
435,"Wednesday, February 1, 2023",14:01,Belvita Cookie,1,2.5
434,"Wednesday, February 1, 2023",14:00,Aksam Beskidzie Salted Pretzels,1,5
433,"Wednesday, February 1, 2023",14:00,"Nuts and Raisins ""Mieszanka Studencka"" 40g",1,5
432,"Wednesday, February 1, 2023",14:00,Oshee Vitamin Mineral Dragonfruit 555ml,1,6
431,"Wednesday, February 1, 2023",13:59,Go On Brownie Protein Cookie 50g,1,7
430,"Wednesday, February 1, 2023",13:59,Oshee Vitamin Mineral Dragonfruit 555ml,1,6
429,"Wednesday, February 1, 2023",13:59,POP N CHRUP Snack Sea Salt Blue 35g,1,5
428,"Wednesday, February 1, 2023",13:59,Lajkonik Junior Safari Crackers,1,5
427,"Wednesday, February 1, 2023",13:58,Nestle Musli Bar Banana-Chocolate Mix 35g,1,4
426,"Wednesday, February 1, 2023",13:58,Aksam Beskidzie Crackers Cheese/Onion,1,4.5
425,"Wednesday, February 1, 2023",13:58,Still Water 500ml,2,5
424,"Wednesday, February 1, 2023",13:57,Biscoff Biscuits,5,5
423,"Wednesday, February 1, 2023",13:57,POP N CHRUP Snack Sea Salt Blue 35g,1,5
422,"Wednesday, February 1, 2023",13:57,Go On Brownie Protein Cookie 50g,1,7
421,"Wednesday, February 1, 2023",13:57,FL Salted Nuts 100g,2,8
420,"Wednesday, February 1, 2023",13:25,POP N CHRUP Snack Sea Salt Blue 35g,0,0
419,"Wednesday, February 1, 2023",13:22,Go On Brownie Protein Cookie 50g,0,0
418,"Wednesday, February 1, 2023",13:21,Go On Brownie Protein Cookie 50g,0,0
417,"Wednesday, February 1, 2023",13:21,Raspberry Beet Strawberry Smoothie 0.3L,0,0
416,"Wednesday, February 1, 2023",13:18,Oshee Musli Bar Cranberry Pink 40g,0,0
415,"Wednesday, February 1, 2023",13:15,Ginger shot 50g,0,0
414,"Wednesday, February 1, 2023",13:14,Aksam Beskidzie Salted Pretzels,0,0
413,"Wednesday, February 1, 2023",13:09,Go On Brownie Protein Cookie 50g,0,0
412,"Wednesday, February 1, 2023",13:03,Oshee Vitamin Minerals Pink 0.25L,0,0
411,"Wednesday, February 1, 2023",12:56,Lajkonik Junior Safari Crackers,0,0
410,"Wednesday, February 1, 2023",12:56,Oshee Vitamin Mineral Dragonfruit 555ml,0,0
409,"Wednesday, February 1, 2023",12:56,Nestle Musli Bar Banana-Chocolate Mix 35g,0,0
408,"Wednesday, February 1, 2023",12:56,Oshee Vitamin Mineral Dragonfruit 555ml,0,0
407,"Wednesday, February 1, 2023",12:49,POP N Chrup Snack Green Onion Green 35g,0,0
406,"Wednesday, February 1, 2023",12:48,POP N CHRUP Snack Sea Salt Blue 35g,0,0
405,"Wednesday, February 1, 2023",12:48,Aksam Beskidzie Salted Pretzels,0,0
404,"Wednesday, February 1, 2023",12:48,Lajkonik Junior Safari Crackers,0,0
403,"Wednesday, February 1, 2023",12:24,Talarki Krakowskie 155g,1,6
402,"Wednesday, February 1, 2023",12:23,POP N CHRUP Snack Sea Salt Blue 35g,1,5
401,"Wednesday, February 1, 2023",12:23,Lajkonik Crackers,1,4.5
400,"Wednesday, February 1, 2023",12:21,POP N Chrup Snack Green Onion Green 35g,1,5
399,"Wednesday, February 1, 2023",12:20,GO ON Protein Crisp/Caramel 50g,1,6
398,"Wednesday, February 1, 2023",12:20,Go On Brownie Protein Cookie 50g,1,7
397,"Wednesday, February 1, 2023",12:20,Oshee Vitamin Mineral Dragonfruit 555ml,1,6
396,"Wednesday, February 1, 2023",12:19,Oshee Vitamin Mineral Dragonfruit 555ml,1,6
395,"Wednesday, February 1, 2023",12:18,POP N Chrup Snack Green Onion Green 35g,1,5
394,"Wednesday, February 1, 2023",12:18,Oshee Vitamin Energy Zero Magnesium 250ml,1,4.5
393,"Wednesday, February 1, 2023",12:17,Tymbark Apple Juice 300 ml,1,4
392,"Wednesday, February 1, 2023",12:17,Lajkonik Junior Safari Crackers,1,5
391,"Wednesday, February 1, 2023",12:17,Aksam Beskidzie Salted Pretzels,1,5
390,"Wednesday, February 1, 2023",12:16,Talarki Krakowskie 155g,1,6
389,"Wednesday, February 1, 2023",12:16,Oshee Vitamin Mineral Dragonfruit 555ml,1,6
388,"Wednesday, February 1, 2023",12:16,Go On Brownie Protein Cookie 50g,1,7
387,"Wednesday, February 1, 2023",12:15,Nestle Whole Grain with Chocolate 23g,1,4
386,"Wednesday, February 1, 2023",12:15,Oshee Vitamin Mineral Dragonfruit 555ml,1,6
385,"Wednesday, February 1, 2023",12:14,Aksam Beskidzie Salted Pretzels,1,5
384,"Wednesday, February 1, 2023",12:14,Oshee Vitamin Energy Zero Magnesium 250ml,1,4.5
383,"Wednesday, February 1, 2023",12:14,Bunny Curly Corn Spirals 25 g,1,4
382,"Wednesday, February 1, 2023",12:13,Oshee Vitamin Energy Zero Magnesium 250ml,1,4.5
381,"Wednesday, February 1, 2023",12:12,Oshee Vitamin Minerals Pink 0.25L,1,5
380,"Wednesday, February 1, 2023",12:10,POP N CHRUP Snack Sea Salt Blue 35g,1,5
379,"Wednesday, February 1, 2023",12:09,POP N Chrup Snack Green Onion Green 35g,1,5
378,"Wednesday, February 1, 2023",12:08,Oshee Vitamin Mineral Dragonfruit 555ml,1,6
377,"Wednesday, February 1, 2023",12:08,Nestle Musli Bar Banana-Chocolate Mix 35g,1,4
376,"Wednesday, February 1, 2023",12:07,Lajkonik Junior Safari Crackers,1,5
375,"Wednesday, February 1, 2023",12:07,Oshee Vitamin Mineral Dragonfruit 555ml,1,6
374,"Wednesday, February 1, 2023",12:07,POP N CHRUP Snack Sea Salt Blue 35g,1,5
373,"Wednesday, February 1, 2023",12:06,Nestle Whole Grain with Chocolate 23g,2,8
372,"Wednesday, February 1, 2023",11:56,Nestle Whole Grain with Chocolate 23g,2,8
371,"Wednesday, February 1, 2023",11:30,Aksam Beskidzie Crackers Cheese/Onion,1,4.5
370,"Wednesday, February 1, 2023",11:24,FL Salted Nuts 100g,1,4
369,"Wednesday, February 1, 2023",11:06,Tymbark Multivitamin Juice 300 ml,1,4
368,"Wednesday, February 1, 2023",11:02,Talarki Krakowskie 155g,1,6
367,"Wednesday, February 1, 2023",11:01,Go On Brownie Protein Cookie 50g,1,7
366,"Wednesday, February 1, 2023",11:01,Lajkonik Crackers,0,0
365,"Wednesday, February 1, 2023",10:59,Lajkonik Junior Safari Crackers,1,5
364,"Wednesday, February 1, 2023",10:57,POP N Chrup Snack Green Onion Green 35g,1,5
363,"Wednesday, February 1, 2023",10:57,GO ON Protein Crisp/Caramel 50g,1,6
362,"Wednesday, February 1, 2023",10:53,Schweppes Tonic 0.85L,1,8
361,"Wednesday, February 1, 2023",10:52,Lajkonik Crackers,1,4.5
360,"Wednesday, February 1, 2023",10:52,GO ON Protein Crisp/Caramel 50g,2,12
359,"Wednesday, February 1, 2023",10:51,Oshee Vitamin Energy Zero Magnesium 250ml,1,4.5
358,"Wednesday, February 1, 2023",10:50,Aksam Beskidzie Salted Pretzels,1,5
357,"Wednesday, February 1, 2023",10:50,Oshee Vitamin Mineral Dragonfruit 555ml,1,6
356,"Wednesday, February 1, 2023",10:49,Oshee Vitamin Energy Zero Magnesium 250ml,1,4.5
355,"Wednesday, February 1, 2023",10:49,Aksam Beskidzie Salted Pretzels,1,5
354,"Wednesday, February 1, 2023",10:49,Oshee Vitamin Mineral Dragonfruit 555ml,1,6
353,"Wednesday, February 1, 2023",10:47,POP N Chrup Snack Green Onion Green 35g,2,10
352,"Wednesday, February 1, 2023",10:46,POP N Chrup Snack Green Onion Green 35g,1,5
351,"Wednesday, February 1, 2023",10:46,Oshee Vitamin Mineral Dragonfruit 555ml,1,6
350,"Wednesday, February 1, 2023",10:35,Nestle Whole Grain with Chocolate 23g,1,4
349,"Wednesday, February 1, 2023",10:30,Biscoff Biscuits,1,1
348,"Wednesday, February 1, 2023",10:29,GO ON Protein Crisp/Caramel 50g,1,6
347,"Wednesday, February 1, 2023",10:29,Oshee Vitamin Energy Zero Magnesium 250ml,1,4.5
346,"Wednesday, February 1, 2023",10:21,Go On Brownie Protein Cookie 50g,1,7
345,"Wednesday, February 1, 2023",10:15,Tymbark Multivitamin Juice 300 ml,1,4
344,"Wednesday, February 1, 2023",10:15,Oshee Vitamin Mineral Dragonfruit 555ml,1,6
343,"Wednesday, February 1, 2023",10:14,Biscoff Biscuits,3,3
342,"Wednesday, February 1, 2023",10:08,Go On Brownie Protein Cookie 50g,2,14
341,"Wednesday, February 1, 2023",09:55,Oshee Vitamin Energy Zero Magnesium 250ml,1,4.5
340,"Wednesday, February 1, 2023",09:53,Oshee Vitamin Energy Zero Magnesium 250ml,1,4.5
339,"Wednesday, February 1, 2023",09:30,Oshee Vitamin Mineral Dragonfruit 555ml,2,12
338,"Monday, January 30, 2023",15:23,GO ON Protein Crisp/Caramel 50g,5,30
337,"Monday, January 30, 2023",15:22,Oshee Vitamin Mineral Dragonfruit 555ml,2,12
336,"Monday, January 30, 2023",15:05,Aksam Beskidzie Salted Pretzels,1,5
335,"Monday, January 30, 2023",15:05,GO ON Protein Crisp/Caramel 50g,2,12
334,"Monday, January 30, 2023",15:03,Nestle Whole Grain with Chocolate 23g,1,4
333,"Monday, January 30, 2023",14:59,GO ON Protein Crisp/Caramel 50g,1,6
332,"Monday, January 30, 2023",14:56,Aksam Beskidzie Salted Pretzels,1,5
331,"Monday, January 30, 2023",14:52,Oshee Vitamin Mineral Dragonfruit 555ml,1,6
330,"Monday, January 30, 2023",14:34,Biscoff Biscuits,3,3
329,"Monday, January 30, 2023",14:34,Oshee Vitamin Minerals Pink 0.25L,3,15
328,"Monday, January 30, 2023",14:29,Aksam Beskidzie Salted Pretzels,1,5
327,"Monday, January 30, 2023",14:29,Oshee Vitamin Minerals Pink 0.25L,1,5
326,"Monday, January 30, 2023",14:28,Talarki Krakowskie 155g,1,6
325,"Monday, January 30, 2023",14:28,Biscoff Biscuits,1,1
324,"Monday, January 30, 2023",14:27,Oshee Vitamin Energy Zero Magnesium 250ml,1,4.5
323,"Monday, January 30, 2023",14:26,POP N Chrup Snack Green Onion Green 35g,1,5
322,"Monday, January 30, 2023",14:26,Nestle Fit Granola Bar Cranberry-Chocolate Mix 23.5g,2,8
321,"Monday, January 30, 2023",14:26,POP N Chrup Snack Green Onion Green 35g,1,5
320,"Monday, January 30, 2023",14:26,Tymbark Apple Juice 300 ml,1,4
319,"Monday, January 30, 2023",14:25,Biscoff Biscuits,3,3
318,"Monday, January 30, 2023",14:25,POP N Chrup Snack Green Onion Green 35g,1,5
317,"Monday, January 30, 2023",14:24,Nestle Fit Granola Bar Cranberry-Chocolate Mix 23.5g,1,4
316,"Monday, January 30, 2023",14:24,POP N CHRUP Snack Sea Salt Blue 35g,1,5
315,"Monday, January 30, 2023",14:24,Oshee Vitamin Mineral Dragonfruit 555ml,1,6
314,"Monday, January 30, 2023",14:23,Biscoff Biscuits,24,24
313,"Monday, January 30, 2023",14:22,Goldfish,2,60
312,"Monday, January 30, 2023",14:21,Nestle Whole Grain with Chocolate 23g,2,8
311,"Monday, January 30, 2023",14:21,Hortex Blackberry 300ml (Czarna Porzeczka),1,4
310,"Monday, January 30, 2023",14:21,Schweppes Tonic 0.85L,1,8
309,"Monday, January 30, 2023",14:21,Goldfish,1,30
308,"Monday, January 30, 2023",14:21,Goldfish,0,0
307,"Monday, January 30, 2023",14:20,Lajkonik Junior Safari Crackers,1,5
306,"Monday, January 30, 2023",14:20,Lajkonik Crackers,1,4.5
305,"Monday, January 30, 2023",14:19,Tymbark Apple Juice 300 ml,1,4
304,"Monday, January 30, 2023",14:19,Lentil Chips 40g,1,8
303,"Monday, January 30, 2023",14:19,Goldfish,1,30
302,"Monday, January 30, 2023",14:18,Lajkonik Junior Safari Crackers,1,5
301,"Monday, January 30, 2023",14:18,Oshee Vitamin Energy Zero Magnesium 250ml,2,9
300,"Monday, January 30, 2023",14:17,Goldfish,2,60
299,"Monday, January 30, 2023",14:16,Oshee Vitamin Energy Zero Magnesium 250ml,2,9
298,"Monday, January 30, 2023",14:14,Raspberry Beet Strawberry Smoothie 0.3L,1,12
297,"Monday, January 30, 2023",14:14,Raspberry Beet Strawberry Smoothie 0.3L,1,12
296,"Monday, January 30, 2023",14:13,Oshee Vitamin Minerals Pink 0.25L,2,10
295,"Monday, January 30, 2023",14:11,Goldfish,1,30
294,"Monday, January 30, 2023",14:11,Tymbark Multivitamin Juice 300 ml,1,4
293,"Monday, January 30, 2023",14:11,Goldfish,1,30
292,"Monday, January 30, 2023",14:11,Tymbark Multivitamin Juice 300 ml,1,4
291,"Monday, January 30, 2023",13:56,Biscoff Biscuits,2,2
290,"Monday, January 30, 2023",13:51,Oshee Vitamin Energy Zero Magnesium 250ml,1,4.5
289,"Monday, January 30, 2023",13:41,Oshee Vitamin Energy Zero Magnesium 250ml,1,4.5
288,"Monday, January 30, 2023",13:26,Oshee Vitamin Energy Zero Magnesium 250ml,1,4.5
287,"Monday, January 30, 2023",13:09,Goldfish,1,30
286,"Monday, January 30, 2023",13:09,POP N Chrup Snack Green Onion Green 35g,4,20
285,"Monday, January 30, 2023",13:08,Nestle Whole Grain with Chocolate 23g,1,4
284,"Monday, January 30, 2023",13:07,Lajkonik Junior Safari Crackers,1,5
283,"Monday, January 30, 2023",13:07,Aksam Beskidzie Salted Pretzels,1,5
282,"Monday, January 30, 2023",13:05,Goldfish,0,0
281,"Monday, January 30, 2023",13:05,Oshee Vitamin Mineral Dragonfruit 555ml,0,0
280,"Monday, January 30, 2023",13:04,Goldfish,1,30
279,"Monday, January 30, 2023",13:03,Go On Brownie Protein Cookie 50g,1,7
278,"Monday, January 30, 2023",13:02,Goldfish,1,30
277,"Monday, January 30, 2023",12:53,Aksam Beskidzie Salted Pretzels,1,5
276,"Monday, January 30, 2023",12:52,Go On Brownie Protein Cookie 50g,3,21
275,"Monday, January 30, 2023",12:46,POP N CHRUP Snack Sea Salt Blue 35g,1,5
274,"Monday, January 30, 2023",12:43,BA! Granola Bar 40g,1,4.5
273,"Monday, January 30, 2023",12:42,Go On Brownie Protein Cookie 50g,1,7
272,"Monday, January 30, 2023",12:41,Go On Brownie Protein Cookie 50g,1,7
271,"Monday, January 30, 2023",12:38,Nestle Fit Granola Bar Cranberry-Chocolate Mix 23.5g,2,8
270,"Monday, January 30, 2023",12:38,Nestle Fit Granola Bar Cranberry-Chocolate Mix 23.5g,2,8
269,"Monday, January 30, 2023",12:38,Nestle Fit Granola Bar Cranberry-Chocolate Mix 23.5g,2,8
268,"Monday, January 30, 2023",12:37,Go On Brownie Protein Cookie 50g,1,7
267,"Monday, January 30, 2023",12:37,Go On Brownie Protein Cookie 50g,1,7
266,"Monday, January 30, 2023",12:36,Oshee Vitamin Minerals Pink 0.25L,1,5
265,"Monday, January 30, 2023",12:35,Apple Banana Carrot Smoothie 0.3L,0,0
264,"Monday, January 30, 2023",12:33,Go On Brownie Protein Cookie 50g,0,0
263,"Monday, January 30, 2023",12:33,Apple Banana Carrot Smoothie 0.3L,0,0
262,"Monday, January 30, 2023",12:33,Nestle Fit Granola Bar Cranberry-Chocolate Mix 23.5g,1,4
261,"Monday, January 30, 2023",12:29,Still Water 500ml,1,2.5
260,"Monday, January 30, 2023",12:27,Biscoff Biscuits,2,2
259,"Monday, January 30, 2023",12:27,Aksam Beskidzie Crackers Cheese/Onion,1,4.5
258,"Monday, January 30, 2023",12:27,Aksam Beskidzie Crackers Cheese/Onion,1,4.5
257,"Monday, January 30, 2023",12:27,Oshee Vitamin Minerals Pink 0.25L,1,5
256,"Monday, January 30, 2023",12:27,Oshee Vitamin Mineral Dragonfruit 555ml,1,6
255,"Monday, January 30, 2023",12:21,Nestle Whole Grain with Chocolate 23g,1,4
254,"Monday, January 30, 2023",12:21,Goldfish,1,30
253,"Monday, January 30, 2023",12:20,Biscoff Biscuits,1,1
252,"Monday, January 30, 2023",12:20,Nestle Whole Grain with Chocolate 23g,1,4
251,"Monday, January 30, 2023",12:19,Oshee Vitamin Mineral Dragonfruit 555ml,1,6
250,"Monday, January 30, 2023",12:19,GO ON Protein Crisp/Caramel 50g,1,6
249,"Monday, January 30, 2023",12:18,GO ON Protein Crisp/Caramel 50g,1,6
248,"Monday, January 30, 2023",12:18,Oshee Vitamin Minerals Pink 0.25L,1,5
247,"Monday, January 30, 2023",12:17,GO ON Protein Crisp/Caramel 50g,2,12
246,"Monday, January 30, 2023",12:14,Go On Brownie Protein Cookie 50g,1,7
245,"Monday, January 30, 2023",12:13,GO ON Protein Crisp/Caramel 50g,1,6
244,"Monday, January 30, 2023",12:13,Ginger shot 50g,1,12
243,"Monday, January 30, 2023",12:12,Biscoff Biscuits,2,2
242,"Monday, January 30, 2023",12:10,Nestle Fit Granola Bar Cranberry-Chocolate Mix 23.5g,1,4
241,"Monday, January 30, 2023",12:10,Nestle Whole Grain with Chocolate 23g,1,4
240,"Monday, January 30, 2023",12:06,Talarki Krakowskie 155g,1,6
239,"Monday, January 30, 2023",12:03,Goldfish,1,30
238,"Monday, January 30, 2023",11:59,Oshee Vitamin Mineral Dragonfruit 555ml,1,6
237,"Monday, January 30, 2023",11:57,Schweppes Citrus 0.33 L,1,6
236,"Monday, January 30, 2023",11:49,POP N CHRUP Snack Sea Salt Blue 35g,1,5
235,"Monday, January 30, 2023",11:48,Goldfish,2,60
234,"Monday, January 30, 2023",11:48,Schweppes Citrus 0.33 L,1,6
233,"Monday, January 30, 2023",11:48,Lajkonik Crackers,1,4.5
232,"Monday, January 30, 2023",11:47,Lajkonik Junior Safari Crackers,1,5
231,"Monday, January 30, 2023",11:46,Nestle Whole Grain with Chocolate 23g,1,4
230,"Monday, January 30, 2023",11:45,Goldfish,1,30
229,"Monday, January 30, 2023",11:45,Tymbark Apple Juice 300 ml,1,4
228,"Monday, January 30, 2023",11:43,Biscoff Biscuits,1,1
227,"Monday, January 30, 2023",11:43,Nestle Musli Bar Banana-Chocolate Mix 35g,1,4
226,"Monday, January 30, 2023",11:43,Oshee Musli Bar Cranberry Pink 40g,1,5
225,"Monday, January 30, 2023",11:42,Biscoff Biscuits,5,5
224,"Monday, January 30, 2023",11:41,Goldfish,1,30
223,"Monday, January 30, 2023",11:41,Biscoff Biscuits,1,1
222,"Monday, January 30, 2023",11:40,POP N Chrup Snack Green Onion Green 35g,1,5
221,"Monday, January 30, 2023",11:40,Hortex Blackberry 300ml (Czarna Porzeczka),1,4
220,"Monday, January 30, 2023",11:38,Goldfish,1,30
219,"Monday, January 30, 2023",11:37,GO ON Protein Crisp/Caramel 50g,2,12
218,"Monday, January 30, 2023",11:37,Schweppes Citrus 0.33 L,1,6
217,"Monday, January 30, 2023",11:35,POP N CHRUP Snack Sea Salt Blue 35g,1,5
216,"Monday, January 30, 2023",11:35,Oshee Vitamin Minerals Pink 0.25L,1,5
215,"Monday, January 30, 2023",11:33,Lajkonik Crackers,10,45
214,"Monday, January 30, 2023",11:29,POP N CHRUP Snack Sea Salt Blue 35g,1,5
213,"Monday, January 30, 2023",11:28,Schweppes Tonic 0.85L,10,80
212,"Monday, January 30, 2023",11:27,Lajkonik Junior Safari Crackers,1,5
211,"Monday, January 30, 2023",11:26,Biscoff Biscuits,1,1
210,"Monday, January 30, 2023",11:26,Oshee Vitamin Mineral Dragonfruit 555ml,1,6
209,"Monday, January 30, 2023",11:21,Aksam Beskidzie Salted Pretzels,1,5
208,"Monday, January 30, 2023",11:21,Oshee Vitamin Minerals Pink 0.25L,1,5
207,"Monday, January 30, 2023",11:20,Talarki Krakowskie 155g,1,6
206,"Monday, January 30, 2023",11:19,Lajkonik Junior Safari Crackers,1,5
205,"Monday, January 30, 2023",11:19,Schweppes Tonic 0.85L,1,8
204,"Monday, January 30, 2023",11:18,Schweppes Citrus 0.33 L,1,6
203,"Monday, January 30, 2023",11:17,Tymbark Apple Juice 300 ml,1,4
202,"Monday, January 30, 2023",11:16,Belvita Cookie,1,2.5
201,"Monday, January 30, 2023",11:12,Nestle Whole Grain with Chocolate 23g,1,4
200,"Monday, January 30, 2023",11:11,Aksam Beskidzie Salted Pretzels,1,5
199,"Monday, January 30, 2023",11:08,Oshee Vitamin Minerals Pink 0.25L,1,5
198,"Monday, January 30, 2023",11:06,GO ON Protein Crisp/Caramel 50g,1,6
197,"Monday, January 30, 2023",11:06,POP N Chrup Snack Green Onion Green 35g,1,5
196,"Monday, January 30, 2023",11:06,GO ON Protein Crisp/Caramel 50g,1,6
195,"Monday, January 30, 2023",11:05,POP N Chrup Snack Green Onion Green 35g,1,5
194,"Monday, January 30, 2023",11:05,POP N Chrup Snack Green Onion Green 35g,1,5
193,"Monday, January 30, 2023",11:04,Schweppes Citrus Mix 0.85L,1,8
192,"Monday, January 30, 2023",11:03,Aksam Beskidzie Salted Pretzels,1,5
191,"Monday, January 30, 2023",11:03,Oshee Vitamin Minerals Pink 0.25L,1,5
190,"Monday, January 30, 2023",11:02,Aksam Beskidzie Salted Pretzels,1,5
189,"Monday, January 30, 2023",11:02,Lajkonik Crackers,1,4.5
188,"Monday, January 30, 2023",11:02,Oshee Vitamin Energy Zero Magnesium 250ml,1,4.5
187,"Monday, January 30, 2023",11:02,Felix Peanuts 240g,1,12
186,"Monday, January 30, 2023",11:00,GO ON Protein Crisp/Caramel 50g,1,6
185,"Monday, January 30, 2023",11:00,Lajkonik Junior Safari Crackers,1,5
184,"Monday, January 30, 2023",11:00,GO ON Protein Crisp/Caramel 50g,1,6
183,"Monday, January 30, 2023",11:00,Oshee Vitamin Mineral Dragonfruit 555ml,1,6
182,"Monday, January 30, 2023",10:58,Oshee Vitamin Mineral Dragonfruit 555ml,1,6
181,"Monday, January 30, 2023",10:58,GO ON Protein Crisp/Caramel 50g,1,6
180,"Monday, January 30, 2023",10:57,Aksam Beskidzie Salted Pretzels,1,5
179,"Monday, January 30, 2023",10:57,Nestle Whole Grain with Chocolate 23g,1,4
178,"Monday, January 30, 2023",10:51,Biscoff Biscuits,3,3
177,"Monday, January 30, 2023",10:46,Schweppes Citrus 0.33 L,1,6
176,"Monday, January 30, 2023",10:39,POP N CHRUP Snack Sea Salt Blue 35g,1,5
175,"Monday, January 30, 2023",10:04,Aksam Beskidzie Salted Pretzels,1,5
174,"Monday, January 30, 2023",09:56,Corn Flips 50 g,1,4
173,"Monday, January 30, 2023",09:56,Corn Flips 50 g,1,4
172,"Monday, January 30, 2023",09:53,POP N Chrup Snack Green Onion Green 35g,1,5
171,"Monday, January 30, 2023",09:52,Nestle Fit Granola Bar Cranberry-Chocolate Mix 23.5g,2,8
170,"Monday, January 30, 2023",09:52,POP N CHRUP Snack Sea Salt Blue 35g,1,5
169,"Monday, January 30, 2023",09:51,Biscoff Biscuits,2,2
168,"Monday, January 30, 2023",09:49,Aksam Beskidzie Salted Pretzels,1,5
167,"Monday, January 30, 2023",09:48,Aksam Beskidzie Salted Pretzels,1,5
166,"Monday, January 30, 2023",09:47,Schweppes Citrus 0.33 L,1,6
165,"Monday, January 30, 2023",09:46,POP N Chrup Snack Green Onion Green 35g,1,5
164,"Monday, January 30, 2023",09:46,Oshee Vitamin Mineral Dragonfruit 555ml,1,6
163,"Monday, January 30, 2023",09:44,Biscoff Biscuits,2,2
162,"Monday, January 30, 2023",09:44,Schweppes Tonic 0.85L,1,8
161,"Monday, January 30, 2023",09:41,Nestle Musli Bar Banana-Chocolate Mix 35g,1,4
160,"Monday, January 30, 2023",09:13,Oshee Vitamin Mineral Dragonfruit 555ml,1,6
136,"Friday, January 27, 2023",15:32,Schweppes Citrus Mix 0.85L,8,64
112,"Friday, January 27, 2023",14:32,POP N Chrup Snack Green Onion Green 35g,3,15
111,"Friday, January 27, 2023",14:30,POP N Chrup Snack Green Onion Green 35g,3,15
110,"Friday, January 27, 2023",14:29,Oshee Vitamin Mineral Dragonfruit 555ml,1,6
109,"Friday, January 27, 2023",14:29,Schweppes Citrus 0.33 L,5,30
108,"Friday, January 27, 2023",14:22,Biscoff Biscuits,1,1
107,"Friday, January 27, 2023",14:18,Aksam Beskidzie Salted Pretzels,1,5
106,"Friday, January 27, 2023",14:17,GO ON Protein Crisp/Caramel 50g,1,6
105,"Friday, January 27, 2023",14:17,GO ON Protein Crisp/Caramel 50g,1,6
103,"Wednesday, January 25, 2023",15:00,Nestle Whole Grain with Chocolate 23g,1,4
102,"Wednesday, January 25, 2023",14:50,Lajkonik Crackers,1,4.5
101,"Wednesday, January 25, 2023",14:50,Scheweppes 850ml Bitter Lemon,1,8
100,"Wednesday, January 25, 2023",14:46,Oshee Vitamin Mineral Dragonfruit 555ml,1,6
99,"Wednesday, January 25, 2023",14:40,Nestle Musli Bar Banana-Chocolate Mix 35g,1,4
98,"Wednesday, January 25, 2023",14:35,Felix Peanuts 240g,1,12
97,"Wednesday, January 25, 2023",14:26,"Peanuts ""Orzeszki Ziemne"" 350g",1,12
96,"Wednesday, January 25, 2023",14:25,Nestle Whole Grain with Chocolate 23g,1,4
95,"Wednesday, January 25, 2023",14:10,Nestle Whole Grain with Chocolate 23g,1,4
94,"Wednesday, January 25, 2023",14:08,Alcalia Mineral Water 500ml,1,4
93,"Wednesday, January 25, 2023",14:08,Alcalia Mineral Water 500ml,1,4
92,"Wednesday, January 25, 2023",14:08,Alcalia Mineral Water 500ml,1,4
91,"Wednesday, January 25, 2023",14:03,Felix Peanuts 240g,1,12
90,"Wednesday, January 25, 2023",13:59,Felix Peanuts 240g,1,12
89,"Wednesday, January 25, 2023",13:55,Tymbark Apple Juice 300 ml,1,4
88,"Wednesday, January 25, 2023",13:52,Nestle Musli Bar Banana-Chocolate Mix 35g,1,4
87,"Wednesday, January 25, 2023",13:52,Alcalia Mineral Water 500ml,1,4
86,"Wednesday, January 25, 2023",13:38,Scheweppes 850ml Bitter Lemon,1,8
85,"Wednesday, January 25, 2023",13:31,"Peanuts ""Orzeszki Ziemne"" 350g",1,12
84,"Wednesday, January 25, 2023",13:30,Ginger shot 50g,1,12
83,"Wednesday, January 25, 2023",13:29,Nestle Musli Bar Banana-Chocolate Mix 35g,1,4
82,"Wednesday, January 25, 2023",13:29,Alcalia Mineral Water 500ml,1,4
81,"Wednesday, January 25, 2023",13:27,Aksam Beskidzie Crackers Cheese/Onion,1,4.5
80,"Wednesday, January 25, 2023",13:27,Oshee Vitamin Mineral Dragonfruit 555ml,1,6
79,"Wednesday, January 25, 2023",13:22,Oshee Vitamin Mineral Dragonfruit 555ml,1,6
78,"Wednesday, January 25, 2023",13:21,Nestle Whole Grain with Chocolate 23g,1,4
77,"Wednesday, January 25, 2023",13:20,Lajkonik Crackers,1,4.5
76,"Wednesday, January 25, 2023",13:10,Aksam Beskidzie Crackers Cheese/Onion,1,4.5
75,"Wednesday, January 25, 2023",13:10,Oshee Vitamin Energy Zero Magnesium 250ml,1,4.5
74,"Wednesday, January 25, 2023",13:06,Still Water 500ml,2,5
73,"Wednesday, January 25, 2023",13:05,Lajkonik Crackers,1,4.5
72,"Wednesday, January 25, 2023",13:05,Talarki Krakowskie 155g,1,6
71,"Wednesday, January 25, 2023",13:05,Still Water 500ml,1,2.5
70,"Wednesday, January 25, 2023",13:05,Aksam Beskidzie Crackers Cheese/Onion,1,4.5
69,"Wednesday, January 25, 2023",13:05,Oshee Vitamin Energy Zero Magnesium 250ml,1,4.5
68,"Wednesday, January 25, 2023",13:01,Oshee Vitamin Energy Zero Magnesium 250ml,1,4.5
67,"Wednesday, January 25, 2023",13:01,Oshee Vitamin Mineral Dragonfruit 555ml,2,12
66,"Wednesday, January 25, 2023",12:59,Lajkonik Crackers,1,4.5
65,"Wednesday, January 25, 2023",12:57,Scheweppes 850ml Bitter Lemon,1,8
64,"Wednesday, January 25, 2023",12:57,Scheweppes 850ml Bitter Lemon,1,8
63,"Wednesday, January 25, 2023",12:56,"Peanuts ""Orzeszki Ziemne"" 350g",1,12
62,"Wednesday, January 25, 2023",12:56,Scheweppes 850ml Bitter Lemon,1,8
61,"Wednesday, January 25, 2023",12:56,Oshee Vitamin Mineral Dragonfruit 555ml,1,6
60,"Wednesday, January 25, 2023",12:56,Oshee Vitamin Energy Zero Magnesium 250ml,1,4.5
59,"Wednesday, January 25, 2023",12:56,Nestle Whole Grain with Chocolate 23g,2,8
58,"Wednesday, January 25, 2023",12:56,Hortex Blackberry 300ml (Czarna Porzeczka),1,4
57,"Wednesday, January 25, 2023",12:53,Nestle Fit Granola Bar Cranberry-Chocolate Mix 23.5g,3,12
56,"Wednesday, January 25, 2023",12:53,Oshee Vitamin Mineral Dragonfruit 555ml,1,6
55,"Wednesday, January 25, 2023",12:52,Oshee Vitamin Energy Zero Magnesium 250ml,1,4.5
54,"Wednesday, January 25, 2023",12:50,Oshee Vitamin Energy Zero Magnesium 250ml,1,4.5
53,"Wednesday, January 25, 2023",12:50,Talarki Krakowskie 155g,1,6
52,"Wednesday, January 25, 2023",12:42,Talarki Krakowskie 155g,1,6
51,"Wednesday, January 25, 2023",12:37,Nestle Whole Grain with Chocolate 23g,2,8
50,"Wednesday, January 25, 2023",12:37,Nestle Musli Bar Banana-Chocolate Mix 35g,2,8
49,"Wednesday, January 25, 2023",12:37,Lajkonik Crackers,1,4.5
48,"Wednesday, January 25, 2023",12:34,Oshee Vitamin Energy Zero Magnesium 250ml,1,4.5
47,"Wednesday, January 25, 2023",12:34,Belvita Cookie,1,2.5
46,"Wednesday, January 25, 2023",12:34,Oshee Vitamin Mineral Dragonfruit 555ml,1,6
45,"Wednesday, January 25, 2023",12:33,Talarki Krakowskie 155g,1,6
44,"Wednesday, January 25, 2023",12:32,Nestle Whole Grain with Chocolate 23g,1,4
43,"Wednesday, January 25, 2023",12:31,Oshee Vitamin Energy Zero Magnesium 250ml,0,0
42,"Wednesday, January 25, 2023",12:30,Talarki Krakowskie 155g,1,6
41,"Wednesday, January 25, 2023",12:30,Aksam Beskidzie Crackers Cheese/Onion,1,4.5
40,"Wednesday, January 25, 2023",12:30,Hortex Blackberry 300ml (Czarna Porzeczka),1,4
39,"Wednesday, January 25, 2023",12:28,Belvita Cookie,2,5
38,"Wednesday, January 25, 2023",12:27,Still Water 500ml,0,0
37,"Wednesday, January 25, 2023",12:27,Schweppes Citrus Mix 0.85L,1,8
36,"Wednesday, January 25, 2023",12:27,Talarki Krakowskie 155g,1,6
35,"Wednesday, January 25, 2023",12:27,Oshee Vitamin Energy Zero Magnesium 250ml,1,4.5
34,"Wednesday, January 25, 2023",12:26,Belvita Cookie,1,2.5
33,"Wednesday, January 25, 2023",12:26,Lajkonik Crackers,1,4.5
32,"Wednesday, January 25, 2023",12:25,Oshee Vitamin Energy Zero Magnesium 250ml,1,4.5
31,"Wednesday, January 25, 2023",12:24,Lajkonik Crackers,1,4.5
30,"Wednesday, January 25, 2023",12:23,Ginger shot 50g,1,12
29,"Wednesday, January 25, 2023",12:23,Belvita Cookie,3,7.5
28,"Wednesday, January 25, 2023",12:23,Oshee Vitamin Energy Zero Magnesium 250ml,1,4.5
27,"Wednesday, January 25, 2023",12:22,Nestle Musli Bar Banana-Chocolate Mix 35g,1,4
26,"Wednesday, January 25, 2023",12:22,Belvita Cookie,0,0
25,"Wednesday, January 25, 2023",12:22,Oshee Vitamin Mineral Dragonfruit 555ml,0,0
24,"Wednesday, January 25, 2023",12:21,Talarki Krakowskie 155g,0,0
23,"Wednesday, January 25, 2023",12:20,Nestle Fit Granola Bar Cranberry-Chocolate Mix 23.5g,1,4
22,"Wednesday, January 25, 2023",12:19,Oshee Vitamin Mineral Dragonfruit 555ml,1,6
21,"Wednesday, January 25, 2023",12:19,"Peanuts ""Orzeszki Ziemne"" 350g",0,0
20,"Wednesday, January 25, 2023",12:19,Oshee Vitamin Mineral Dragonfruit 555ml,0,0
19,"Wednesday, January 25, 2023",12:19,FL Salted Nuts 100g,1,4
18,"Wednesday, January 25, 2023",12:19,Ginger shot 50g,1,12
17,"Wednesday, January 25, 2023",12:18,Nestle Whole Grain with Chocolate 23g,2,8
16,"Wednesday, January 25, 2023",12:18,Nestle Fit Granola Bar Cranberry-Chocolate Mix 23.5g,1,4
15,"Wednesday, January 25, 2023",12:18,Oshee Vitamin Energy Zero Magnesium 250ml,2,9
14,"Wednesday, January 25, 2023",12:18,Oshee Vitamin Energy Zero Magnesium 250ml,2,9
13,"Wednesday, January 25, 2023",12:17,Belvita Cookie,2,5
12,"Wednesday, January 25, 2023",12:16,Ginger shot 50g,2,24
11,"Wednesday, January 25, 2023",12:15,Lajkonik Pretzel Crackers,0,0
10,"Wednesday, January 25, 2023",12:15,Oshee Vitamin Mineral Dragonfruit 555ml,0,0
9,"Wednesday, January 25, 2023",12:05,Nestle Whole Grain with Chocolate 23g,5,20
8,"Wednesday, January 25, 2023",12:03,Hortex Blackberry 300ml (Czarna Porzeczka),1,4